{"cameraMode":{"drawMode":2,"name":"Shaded Wireframe","section":"Shading Mode"},"sceneLighting":false,"audioPlay":false,"sceneViewState":{"m_AlwaysRefresh":false,"showFog":true,"showSkybox":false,"showFlares":true,"showImageEffects":true,"showParticleSystems":true,"showVisualEffectGraphs":true,"m_FxEnabled":true},"in2DMode":false,"pivot":{"x":1.1227245330810547,"y":0.36498624086380007,"z":5.222940444946289},"rotation":{"x":-0.026995863765478135,"y":0.008099040016531945,"z":0.00021872299839742482,"w":0.9996038675308228},"size":7.835277557373047,"orthographic":false}